{"users": [
{
  "localId": "1l1NNwak7NSFzTuSg1NRb3Xth1y2",
  "email": "jobgiver5@team4job.com",
  "emailVerified": true,
  "passwordHash": "NmtgQNKDsBX4D0KDOvANF4oImYXPPSqTTBFsaDVrR5gSlR8P0lRRProYqecx2vBfaoByvm8LMAYKfPs77tiAGQ==",
  "salt": "RGCUD14YDjo9dQ==",
  "displayName": "JobGiver Ajmer 5",
  "createdAt": "1769239549737",
  "disabled": false,
  "providerUserInfo": []
},
{
  "localId": "2pZgGADmirTzJFwllEyDEZCrfm52",
  "email": "installer7@team4job.com",
  "emailVerified": true,
  "passwordHash": "31666o1zklXGpbWtdrzk2wzVdIMDrmClGZknIVklVzLKqRe0smKe2bPqlKJHR6y4fa4Qo/0A5VUGIgheQa59wQ==",
  "salt": "5OYPWioiDcKogA==",
  "displayName": "Installer Alwar 7",
  "createdAt": "1769239565992",
  "disabled": false,
  "providerUserInfo": []
},
{
  "localId": "50aLcFPfPYhBo438iIl0V1JTdxA2",
  "email": "installer5@team4job.com",
  "emailVerified": true,
  "passwordHash": "EjI9wAwpCmNBmJsYrm67raPLHsRGUDvYtPk7Q+TMWeR7EZoT/t0OZrmOhoufq2JsBTv3V7cEXvfpMNBmGPjUHA==",
  "salt": "cSJkcP9q973/tA==",
  "displayName": "Installer Ajmer 5",
  "createdAt": "1769239563290",
  "disabled": false,
  "providerUserInfo": []
},
{
  "localId": "5o1cEpgoETbf8GT2y8T4f4bHTRB3",
  "email": "vikasakankshasharma_v2@gmail.com",
  "emailVerified": true,
  "passwordHash": "gvLjlRmFqyEcYYXg6Hs5cKncUMKaflEIxOJTYJ26GwlnhEfDDKbxVSb53K1GWczG/TYS6BP1JKvvHS7EsI9bcw==",
  "salt": "BOKD1gwvHun2DA==",
  "displayName": "Vikas Admin",
  "lastSignedInAt": "1769528616670",
  "createdAt": "1769527329691",
  "disabled": false,
  "providerUserInfo": []
},
{
  "localId": "7QpeB9S7ZAN08MxrF40HYGEjAEh1",
  "email": "installer3@team4job.com",
  "emailVerified": true,
  "passwordHash": "I6Y+iwQjeiy9BgckA9oQ5C9YnbaBTpEmdmtDT9qULk9x5Wlng6S2rnyn6dt81JP+mqeBi9Qk1g4U/hUV2Ugm4w==",
  "salt": "0MB7Jl0jd8qKrA==",
  "displayName": "Installer Udaipur 3",
  "createdAt": "1769239560582",
  "disabled": false,
  "providerUserInfo": []
},
{
  "localId": "7dVh9lFLkOgFFcu0pz1jlOzRtC02",
  "email": "giver_new_v3@team4job.com",
  "emailVerified": true,
  "passwordHash": "Of+pbHMbAQ6tjHG4kZYnrnJHI9sAwKuPlB6xUCSWaqBXMCPTPh0GDepmTTzirVQhQDQ3A7uCbCGiFoGWB4eMEQ==",
  "salt": "GXIguPhPDt1X9A==",
  "displayName": "Suresh New Giver",
  "createdAt": "1769529195898",
  "disabled": false,
  "customAttributes": "{\"roles\":[\"Job Giver\"],\"role\":\"Job Giver\"}",
  "providerUserInfo": []
},
{
  "localId": "BZx2b9gJd1ZXdYgSMTsGZyqm95O2",
  "email": "giver_vip@team4job.com",
  "emailVerified": true,
  "passwordHash": "YOgIEbftAEgQgFRiF4Y9XOutCMZTz5AWSS+Gpcq3Z/I7FMItKHG6OtXoljM7WJtaJ0x+ywc5MCcOsIYG4s+fVw==",
  "salt": "GW2tS3fttNA2mA==",
  "displayName": "Priya VIP Giver",
  "lastSignedInAt": "1770355024438",
  "createdAt": "1769512037429",
  "disabled": false,
  "providerUserInfo": []
},
{
  "localId": "C4zldr7HnyPCyL90ik3pbIDO3Lq1",
  "email": "installer_new_v3@team4job.com",
  "emailVerified": true,
  "passwordHash": "7ICb5nJeQKcKaNdgbzS3tGpvxK4RlirZp0q/chfUKTT87u1hLtm5ZoptS1ZNkqYTMcDQBJF71oon4iaiXnMFRA==",
  "salt": "KS7hB6A/QznxMQ==",
  "displayName": "Amit New Installer",
  "createdAt": "1769529193332",
  "disabled": false,
  "customAttributes": "{\"roles\":[\"Installer\"],\"role\":\"Installer\"}",
  "providerUserInfo": []
},
{
  "localId": "LonU0a0ursZP5bLRML2K9sJd0G43",
  "email": "installer_pro@team4job.com",
  "emailVerified": true,
  "passwordHash": "01uy39iOW6GGglImtFT4TpG6hJTutq4XcRHqDuqpRw7+KZF+WNpyslNjvBWVBpJCGAaeVuSH3ei+LCswEXzGTA==",
  "salt": "pMgWzC5sph0m0w==",
  "displayName": "Rajesh Pro Installer",
  "lastSignedInAt": "1770354730071",
  "createdAt": "1769512034552",
  "disabled": false,
  "providerUserInfo": []
},
{
  "localId": "NfDg3rNxLmfNWh2s9Y7Y6JkVE4C2",
  "email": "jobgiver3@team4job.com",
  "emailVerified": true,
  "passwordHash": "B/86qOs+h7hQ5BWnHi+zq0Ly4Uar9blIx604Ul5Y2ObOjhV1Qgs0y0Hs6VE2uuKG8Ka5Vi5g3mWzIBHylGMAbw==",
  "salt": "7h41e6aPfpOf1w==",
  "displayName": "JobGiver Udaipur 3",
  "createdAt": "1769239546976",
  "disabled": false,
  "providerUserInfo": []
},
{
  "localId": "PbOfJhOrJWch63yw7GkgAvzDdnF3",
  "email": "installer4@team4job.com",
  "emailVerified": true,
  "passwordHash": "szXcmCNSL6R1eyb+wCT9NSIe81nBqISKUqfZuQnbYBEcFR7GkDhBpcgyKq5NsLFBVroNwjfIAaHYHPlwk88b5w==",
  "salt": "sA9RbIEZQcshgQ==",
  "displayName": "Installer Kota 4",
  "createdAt": "1769239561955",
  "disabled": false,
  "providerUserInfo": []
},
{
  "localId": "QaWlUKlPsmR519ReW3P6O2igFi72",
  "email": "giver_vip_v3@team4job.com",
  "emailVerified": true,
  "passwordHash": "sOcS4gz4Yzze/3B599z/uvLvGlcuD2v6TgHQpo81jCVUVw09wge45xel+QSxhwCwDcROBx9y5SunQqA9lQqgtw==",
  "salt": "GqBzErB86/iRPQ==",
  "displayName": "Priya VIP Giver",
  "lastSignedInAt": "1770398120788",
  "createdAt": "1769529194629",
  "disabled": false,
  "customAttributes": "{\"roles\":[\"Job Giver\"],\"role\":\"Job Giver\"}",
  "providerUserInfo": []
},
{
  "localId": "SmnGPxsRZngBtC4tN6OL2o1bS723",
  "email": "giver_new@team4job.com",
  "emailVerified": true,
  "passwordHash": "TdXIpuiyTVaz/H8cidEPdxuFy6t5bQ6Rg9kZkiqL9TEWrJY9xEBg1n/rEAssBTL24m6hyKo3RcICyZQj9HU+RQ==",
  "salt": "EHOSiApcxxpb1Q==",
  "displayName": "Suresh New Giver",
  "createdAt": "1769512038715",
  "disabled": false,
  "providerUserInfo": []
},
{
  "localId": "TvkDwRCajXNN5f5uvnIihVGeqyN2",
  "email": "installer_new@team4job.com",
  "emailVerified": true,
  "passwordHash": "9i6CbE5lUJMErktfPVPT6Rgtl5AZ6EL338LuyA3EMpsjP3+Cc4Wd84xBQQzHqqT/gsVZWlwVcx1F77mbso3kuQ==",
  "salt": "HUJoNYY27Z+R2A==",
  "displayName": "Amit New Installer",
  "createdAt": "1769512035997",
  "disabled": false,
  "providerUserInfo": []
},
{
  "localId": "bnrrmcAUxcWm7dIXlDyPfJMOYmd2",
  "email": "installer8@team4job.com",
  "emailVerified": true,
  "passwordHash": "c87zRb7/SxBv6tduwCTrpFtQqm3lzJp+6A2uELmczsdcbkwF9oStlClrnkLGz41peDJwypjR+oPqBs6sRlu1Tg==",
  "salt": "U+8dESMbEbfmXA==",
  "displayName": "Installer Bhilwara 8",
  "createdAt": "1769239567291",
  "disabled": false,
  "providerUserInfo": []
},
{
  "localId": "cE3tQS2EtGaNqSu9bPFPLjAmvKy2",
  "email": "jobgiver6@team4job.com",
  "emailVerified": true,
  "passwordHash": "9YQxq1i/zUqfFHKIOh28bR+Z087cpwXuFJNrrROvegnW/GfCsNo1456vMNpQbONelcL/Hq4qO6cFIRtYwlf/3w==",
  "salt": "wrryg/wQC+QP+g==",
  "displayName": "JobGiver Bikaner 6",
  "createdAt": "1769239551157",
  "disabled": false,
  "providerUserInfo": []
},
{
  "localId": "fKegOfzfznXP7fjPvG8DPLFgwar1",
  "email": "installer_new_v2@team4job.com",
  "emailVerified": true,
  "passwordHash": "txr/FQZCnYeJEScz18ilHeoKIQ5AEe9nlPrG2yWfiqk0p7lBAvKQEe/OKcahgOTNE0jcNYRDwZHEPlClF7oVTg==",
  "salt": "4RRkQjmnHPsLpg==",
  "displayName": "Amit New Installer",
  "createdAt": "1769527117819",
  "disabled": false,
  "providerUserInfo": []
},
{
  "localId": "h3sdERGpPJQ7lY8DCyRRAzrmFXE3",
  "email": "giver_vip_v2@team4job.com",
  "emailVerified": true,
  "passwordHash": "JYVjbiBHdhLY6EhfrqB97D+gSLbSpk27nlwcemh0NL4SJxBv51uEMvLFkHD9BstuSSiV7qAdJJ8hgZVTy93ptw==",
  "salt": "fNhju+UQoPtmQA==",
  "displayName": "Priya VIP Giver",
  "lastSignedInAt": "1769528606708",
  "createdAt": "1769527119370",
  "disabled": false,
  "providerUserInfo": []
},
{
  "localId": "itPMEVrlpofHPx2FuwQQkvOsjdS2",
  "email": "installer1@team4job.com",
  "emailVerified": true,
  "passwordHash": "zcds5u5IYqhnsOysXQorfcLSYPzmqo8IqwPvOWL4yNJ+wEJTcRtM6BZ28wX1obaDUu/hM5xnKisMSi2L/e2mHw==",
  "salt": "Qp23Aw1Zhyj8Ww==",
  "displayName": "Installer Jaipur 1",
  "lastSignedInAt": "1769272847291",
  "createdAt": "1769239557790",
  "disabled": false,
  "providerUserInfo": []
},
{
  "localId": "iueQnnWvA3OMuNyhBGtHojtNIq22",
  "email": "jobgiver4@team4job.com",
  "emailVerified": true,
  "passwordHash": "AcLCZuk5Ga0qkHwPh2mRH3cn1zgnnGin/8WD1z5TsGPHNUuO1Ap8Cf9/04oB25Scj4PSEH9idIqbVFI3x1cN4A==",
  "salt": "FlMf2K4s1r4UsQ==",
  "displayName": "JobGiver Kota 4",
  "createdAt": "1769239548342",
  "disabled": false,
  "providerUserInfo": []
},
{
  "localId": "jWt2B6aKuBfboDO1xDEnoZLwWIg1",
  "email": "jobgiver1@team4job.com",
  "emailVerified": true,
  "passwordHash": "lHkaR4A9g1LabuQci15RwlMaVkVGNhzsoZAiVof/NmiVjdZeuoCWlTZREZZd+bZACfoI5FzsltLfGdqegHQG3A==",
  "salt": "FJThwhlybY5Vcw==",
  "displayName": "JobGiver Jaipur 1",
  "lastSignedInAt": "1769799844386",
  "createdAt": "1769239544129",
  "disabled": false,
  "providerUserInfo": []
},
{
  "localId": "jhQ9cuRSEueiysgqNKM0P0GKH733",
  "email": "dualrole@example.com",
  "emailVerified": true,
  "passwordHash": "Cs6RpJoaFKJV0LN6dkbD/hwztIfkWnSBbQPRrGdprrNeJ29qp7QTqBscBbMtFD/RYpuMVLPGXxUeYOUiyHn7JA==",
  "salt": "EyhhfvhO4t9eyw==",
  "displayName": "Dual Role Tester",
  "lastSignedInAt": "1770357578201",
  "createdAt": "1769745803076",
  "disabled": false,
  "providerUserInfo": []
},
{
  "localId": "lXIkLWOUJCW80X8y5f121TJpnG92",
  "email": "installer10@team4job.com",
  "emailVerified": true,
  "passwordHash": "Y4T2P2U2PR5yQPTvyJQBFL5ljr4onwEVnwr5Iwizr/o+zIe/0VxkjMju0ikFibtHRVlNzuU38RUMrCC+81sOgw==",
  "salt": "MRbq7oUX8ieUqA==",
  "displayName": "Installer Jodhpur 10",
  "createdAt": "1769239569842",
  "disabled": false,
  "providerUserInfo": []
},
{
  "localId": "nOwPPVR45jMNdi2VaL1nEBLH1dJ2",
  "email": "jobgiver7@team4job.com",
  "emailVerified": true,
  "passwordHash": "8txPI08LilNGZX7l9PKL6zEtNkQSTsBp1cT27GM//3y+mXDD5+MOK8I7cjIn5AH9+11V/BDZ6lGQ0hSyTR6NIg==",
  "salt": "ybSYZt7tXJk0MA==",
  "displayName": "JobGiver Alwar 7",
  "createdAt": "1769239552506",
  "disabled": false,
  "providerUserInfo": []
},
{
  "localId": "oJOXnyvYFZSz0qg2XQUzY8Bi9sf1",
  "email": "installer9@team4job.com",
  "emailVerified": true,
  "passwordHash": "WLpQDJLYWzzPC/jhrkA0KVDo+NK0oabBaWBdRNOy8pU2OcxH05euWq71yb+ylX8eVOyfgjPMlHjglnIvQJE6QQ==",
  "salt": "04dcCRstwMhczQ==",
  "displayName": "Installer Jaipur 9",
  "createdAt": "1769239568555",
  "disabled": false,
  "providerUserInfo": []
},
{
  "localId": "rRvmO3HHV8en3hbqeYi1qgo8iz82",
  "email": "jobgiver10@team4job.com",
  "emailVerified": true,
  "passwordHash": "US2UDvemI78CgEVbNZB789TiWde9OtCnLvbk7x71jHYUFVFR8HVO86Fd/1P8edaEvP5B+02wo0dYSGjw8fCzEw==",
  "salt": "ECDP95kN8k5MwQ==",
  "displayName": "JobGiver Jodhpur 10",
  "createdAt": "1769239556489",
  "disabled": false,
  "providerUserInfo": []
},
{
  "localId": "t3zHNPHQsSUzTMShkzTMvsbSeuh2",
  "email": "installer_pro_v3@team4job.com",
  "emailVerified": true,
  "passwordHash": "KrCSRawhqrJcpbqIiQwdw+EFON6/854pdLjRxZQmvjXBqDGVp40lnNycwMoFEXm8jcOsSsHR7amdTcaAlBxEMw==",
  "salt": "2hEzlyuj2P1aYw==",
  "displayName": "Rajesh Pro Installer",
  "lastSignedInAt": "1770398126621",
  "createdAt": "1769529191912",
  "disabled": false,
  "customAttributes": "{\"roles\":[\"Installer\"],\"role\":\"Installer\"}",
  "providerUserInfo": []
},
{
  "localId": "t6aaj1saBXZpRRjqhrS47T81WzJ3",
  "email": "installer6@team4job.com",
  "emailVerified": true,
  "passwordHash": "RfpAW8ZuInvj3D7y/+5AR+UobnzxNlZ+Gu5VcgvL+ZMKvdR6+1mrt9J02g/MrdhJR8CxQLIc7x1Nl40OtMxZqQ==",
  "salt": "L6PXMETLfhPxIA==",
  "displayName": "Installer Bikaner 6",
  "createdAt": "1769239564595",
  "disabled": false,
  "providerUserInfo": []
},
{
  "localId": "tZVIdYbSDyQVyBGLOulebP0kj7B2",
  "email": "installer2@team4job.com",
  "emailVerified": true,
  "passwordHash": "UlupmeurLDV/ymFVbKwzS5GVL5nkKQ+iDGI3y+RBQUezUTMdQlze7tZDpGILmlPcCV35X34V6I9Fd5Zn/qDt0Q==",
  "salt": "i4fBDsYeRetRMA==",
  "displayName": "Installer Jodhpur 2",
  "createdAt": "1769239559151",
  "disabled": false,
  "providerUserInfo": []
},
{
  "localId": "udZmoXTgSDho6KNHcvFuMN0Ejhy2",
  "email": "vikasakankshasharma@gmail.com",
  "emailVerified": true,
  "passwordHash": "ll26CEgx5YEWxip9rkioUn45yfMWvvBDxcdnpHD8QEL93JNRlpanBprS4r6mc0Gx8hvWaPjqTjowgsNsUgKGqg==",
  "salt": "y/dTB/JYyaXU+w==",
  "displayName": "Vikas Admin",
  "lastSignedInAt": "1770354523462",
  "createdAt": "1769245843505",
  "disabled": false,
  "customAttributes": "{\"admin\":true,\"role\":\"admin\"}",
  "providerUserInfo": []
},
{
  "localId": "wVBey3ChXeOkvfVUNMQ2RTfgvNf1",
  "email": "jobgiver8@team4job.com",
  "emailVerified": true,
  "passwordHash": "KfuPTLkSM/J9t8fqpi0ge5fz0BUGQcXXDcPpwwAwHCyE0v3W4qpVazNF4rRMwgtVpFiAHjfkAHtHoof2U2WG5Q==",
  "salt": "brOaWNdewN27ww==",
  "displayName": "JobGiver Bhilwara 8",
  "createdAt": "1769239553773",
  "disabled": false,
  "providerUserInfo": []
},
{
  "localId": "wbhqJyPHAagPKibvaTFHZw60ozF2",
  "email": "vikasakankshasharma_v3@gmail.com",
  "emailVerified": true,
  "passwordHash": "9bIpwhswFdlnkJwwL6iZ6vVYvHpCjM9GrYZpzpQ24C4Djz10uF6OIRy9shGQyXINKS43Qnh9rkxo0Dfw9ELJ8w==",
  "salt": "1JjVk0KnYGB7mg==",
  "displayName": "Vikas Admin",
  "lastSignedInAt": "1770398131785",
  "createdAt": "1769529190604",
  "disabled": false,
  "customAttributes": "{\"roles\":[\"Admin\",\"Job Giver\",\"Installer\"],\"role\":\"Admin\"}",
  "providerUserInfo": []
},
{
  "localId": "xcPNLcDJdodthey3mSEj0pqm3iJ3",
  "email": "jobgiver2@team4job.com",
  "emailVerified": true,
  "passwordHash": "VcLLt7E04U805HCTMb7WbWy8uBMBo43OAZK56I8IzEp0oArNQt3VkwnVQIAETVtw0fNKaXuoz84OBKQLFUaXsQ==",
  "salt": "ZKGK44Vp1pfbgQ==",
  "displayName": "JobGiver Jodhpur 2",
  "createdAt": "1769239545556",
  "disabled": false,
  "providerUserInfo": []
},
{
  "localId": "ykwMkggI5vSsrCVKB2QXmUNDHlz1",
  "email": "installer_pro_v2@team4job.com",
  "emailVerified": true,
  "passwordHash": "qG30cbBIu97iJ/0IM78OOidSgT4dRkofticak5Cg0ju3elhXkSm4AyEkxZ7H1je9EkFaRIzUooaiRLR8ZHuEpA==",
  "salt": "Rvy1VD/WVg/dew==",
  "displayName": "Rajesh Pro Installer",
  "lastSignedInAt": "1769528612179",
  "createdAt": "1769527116078",
  "disabled": false,
  "providerUserInfo": []
},
{
  "localId": "zaeizfGMTUhhhLLxziKZnwZIwx62",
  "email": "giver_new_v2@team4job.com",
  "emailVerified": true,
  "passwordHash": "iIkzMqNnZj88vrl+7Tt4fmA/Qy1kSmNsS2ezZiP3RlDVUGTOakWW90XfeHexqNafQjTbvsfYbE6RB4IInEosnw==",
  "salt": "EzyaehNvRU10eg==",
  "displayName": "Suresh New Giver",
  "createdAt": "1769527120592",
  "disabled": false,
  "providerUserInfo": []
},
{
  "localId": "zuOvQyqfl5VmH2JEAnbsf2cAfwu2",
  "email": "jobgiver9@team4job.com",
  "emailVerified": true,
  "passwordHash": "ghS6Pk+RWFyv2EcesrwVTB3bNp+z+xeoyt4hc23GYG+NlBkLfU31X97mlxgtVYyNTa/QnPoy6Dzqbf36SSM4/g==",
  "salt": "dCyAnR/KDrwH7g==",
  "displayName": "JobGiver Jaipur 9",
  "createdAt": "1769239555123",
  "disabled": false,
  "providerUserInfo": []
}]}