{"kind":"identitytoolkit#DownloadAccountResponse","users":[{"localId":"6N0hhyZMFC6RdexM99DUyPW1cDdl","createdAt":"1771155782423","lastLoginAt":"1771155782423","displayName":"Vikas Sharma Admin","passwordHash":"fakeHash:salt=fakeSaltTsraltLtgCrCMDO6Cjbg:password=Vks2bhdj@9229","salt":"fakeSaltTsraltLtgCrCMDO6Cjbg","passwordUpdatedAt":1771175822639,"providerUserInfo":[{"providerId":"password","email":"vikasakankshasharma_v3@gmail.com","federatedId":"vikasakankshasharma_v3@gmail.com","rawId":"vikasakankshasharma_v3@gmail.com","displayName":"Vikas Sharma Admin"}],"validSince":"1771175822","email":"vikasakankshasharma_v3@gmail.com","emailVerified":true,"disabled":false},{"localId":"Lvm0VI2NvS5puMkO3waYluCsCoLj","createdAt":"1771155782373","lastLoginAt":"1771155782373","displayName":"Test Installer V3","passwordHash":"fakeHash:salt=fakeSaltlwr60qDp7CWozpXdgxeJ:password=Test@1234","salt":"fakeSaltlwr60qDp7CWozpXdgxeJ","passwordUpdatedAt":1771175822640,"providerUserInfo":[{"providerId":"password","email":"installer_pro_v3@team4job.com","federatedId":"installer_pro_v3@team4job.com","rawId":"installer_pro_v3@team4job.com","displayName":"Test Installer V3"}],"validSince":"1771175822","email":"installer_pro_v3@team4job.com","emailVerified":true,"disabled":false},{"localId":"PXCkphLgs6y6GIVi89IChufTJsbE","createdAt":"1771155781801","lastLoginAt":"1771157664782","displayName":"Test Job Giver V3","passwordHash":"fakeHash:salt=fakeSaltUTMMh6QuOip5If8RF50z:password=Test@1234","salt":"fakeSaltUTMMh6QuOip5If8RF50z","passwordUpdatedAt":1771175822640,"providerUserInfo":[{"providerId":"password","email":"giver_vip_v3@team4job.com","federatedId":"giver_vip_v3@team4job.com","rawId":"giver_vip_v3@team4job.com","displayName":"Test Job Giver V3"}],"validSince":"1771175822","email":"giver_vip_v3@team4job.com","emailVerified":true,"disabled":false}]}