{
    "indexes": [
        {
            "collectionGroup": "jobs",
            "queryScope": "COLLECTION",
            "fields": [
                {
                    "fieldPath": "status",
                    "order": "ASCENDING"
                },
                {
                    "fieldPath": "postedAt",
                    "order": "DESCENDING"
                }
            ]
        },
        {
            "collectionGroup": "jobs",
            "queryScope": "COLLECTION",
            "fields": [
                {
                    "fieldPath": "jobGiverId",
                    "order": "ASCENDING"
                },
                {
                    "fieldPath": "status",
                    "order": "ASCENDING"
                },
                {
                    "fieldPath": "completionTimestamp",
                    "order": "ASCENDING"
                }
            ]
        },
        {
            "collectionGroup": "notifications",
            "queryScope": "COLLECTION",
            "fields": [
                {
                    "fieldPath": "userId",
                    "order": "ASCENDING"
                },
                {
                    "fieldPath": "createdAt",
                    "order": "DESCENDING"
                }
            ]
        },
        {
            "collectionGroup": "activities",
            "queryScope": "COLLECTION",
            "fields": [
                {
                    "fieldPath": "userId",
                    "order": "ASCENDING"
                },
                {
                    "fieldPath": "timestamp",
                    "order": "DESCENDING"
                }
            ]
        },
        {
            "collectionGroup": "pending_signups",
            "queryScope": "COLLECTION",
            "fields": [
                {
                    "fieldPath": "converted",
                    "order": "ASCENDING"
                },
                {
                    "fieldPath": "lastActiveAt",
                    "order": "DESCENDING"
                }
            ]
        },
        {
            "collectionGroup": "jobs",
            "queryScope": "COLLECTION",
            "fields": [
                {
                    "fieldPath": "jobGiverId",
                    "order": "ASCENDING"
                },
                {
                    "fieldPath": "postedAt",
                    "order": "DESCENDING"
                }
            ]
        },
        {
            "collectionGroup": "jobs",
            "queryScope": "COLLECTION",
            "fields": [
                {
                    "fieldPath": "jobGiverId",
                    "order": "ASCENDING"
                },
                {
                    "fieldPath": "status",
                    "order": "ASCENDING"
                },
                {
                    "fieldPath": "completionTimestamp",
                    "order": "DESCENDING"
                }
            ]
        },
        {
            "collectionGroup": "jobs",
            "queryScope": "COLLECTION",
            "fields": [
                {
                    "fieldPath": "jobGiverId",
                    "order": "ASCENDING"
                },
                {
                    "fieldPath": "postedAt",
                    "order": "ASCENDING"
                }
            ]
        },
        {
            "collectionGroup": "drafts",
            "queryScope": "COLLECTION",
            "fields": [
                {
                    "fieldPath": "userId",
                    "order": "ASCENDING"
                },
                {
                    "fieldPath": "lastSaved",
                    "order": "DESCENDING"
                }
            ]
        },
        {
            "collectionGroup": "transactions",
            "queryScope": "COLLECTION",
            "fields": [
                {
                    "fieldPath": "payerId",
                    "order": "ASCENDING"
                },
                {
                    "fieldPath": "createdAt",
                    "order": "DESCENDING"
                }
            ]
        },
        {
            "collectionGroup": "transactions",
            "queryScope": "COLLECTION",
            "fields": [
                {
                    "fieldPath": "payeeId",
                    "order": "ASCENDING"
                },
                {
                    "fieldPath": "createdAt",
                    "order": "DESCENDING"
                }
            ]
        },
        {
            "collectionGroup": "templates",
            "queryScope": "COLLECTION",
            "fields": [
                {
                    "fieldPath": "userId",
                    "order": "ASCENDING"
                },
                {
                    "fieldPath": "usageCount",
                    "order": "DESCENDING"
                }
            ]
        }
    ],
    "fieldOverrides": []
}